Item_OID,Item_Branch,Item_Code,Item_GroupID,Item_TypeID,Item_IsRaw,Item_ItemName,Item_UOMID,Item_Sprice,Item_Pprice,Item_RQTY,Item_Creator,Item_CreationDate,Item_UpdateBy,Item_UpdateDate,Item_IsActive,Item_Remarks,Item_Priority,UOM_OID,UOM_Code,UOM_Name,UOM_Branch,UOM_Creator,UOM_CreationDate,UOM_UpdateBy,UOM_UpdateDate,UOM_IsActive,UOM_Remarks,Images_OId,Images_Data,Price_OId,Price_Branch,Price_ItemOId,Price_FromDate,Price_ToDate,Price_Currency,Price_FactoryPrice,Price_ListPrice,Price_VatPercent,Price_VatPrice,Price_Disc,Price_DiscPrice,Price_Creator,Price_CreationDate,Price_UpdateBy,Price_UpdateDate,Catg_OID,Catg_Branch,Catg_Code,Catg_Name,Catg_Creator,Catg_CreationDate,Catg_UpdateBy,Catg_UpdateDate,Catg_IsActive,Catg_Remarks
ItemXXXXBRN01 0000000001,BRN01                   ,pant00001,CatgXXXXBRN01 0000000001,ITypXXXXBRN01 0000000001, ,full pant,UOMXXXXXBRN01X0000000001,0,0,0,UserXXXXBRN01X0000000001,10/11/2014 12:00:00 AM,UserXXXXBRN01X0000000001,10/11/2014 8:02:28 PM,Y,,1,UOMXXXXXBRN01X0000000001,Pcs,Piece,BRN01 ,UserXXXXHLVDHN0000000001,12/21/2008 4:20:30 PM,UserXXXXHLVDHN0000000001,12/21/2008 12:00:00 AM,Y,NA,,,PriceXXXBRN01 0000000001,BRN01                   ,ItemXXXXBRN01 0000000001,10/11/2014 8:02:34 PM,11/11/2014 8:02:34 PM,CurrXXXXHLVDHN0000000001,100,200,0,0,0,0,UserXXXXBRN01X0000000001,10/11/2014 12:00:00 AM,UserXXXXBRN01X0000000001,10/11/2014 12:00:00 AM,CatgXXXXBRN01 0000000001,BRN01 ,pant,pant,UserXXXXBRN01X0000000001,10/11/2014 12:00:00 AM,UserXXXXBRN01X0000000001,Oct 11 2014 12:00AM     , ,
ItemXXXXBRN01 0000000005,BRN01                   ,SHRT00001,CatgXXXXBRN01 0000000002,ITypXXXXBRN01 0000000001, ,Full shirt,UOMXXXXXBRN01X0000000001,0,0,0,UserXXXXBRN01X0000000001,10/27/2014 12:00:00 AM,UserXXXXBRN01X0000000001,10/27/2014 12:34:10 AM,Y,,1,UOMXXXXXBRN01X0000000001,Pcs,Piece,BRN01 ,UserXXXXHLVDHN0000000001,12/21/2008 4:20:30 PM,UserXXXXHLVDHN0000000001,12/21/2008 12:00:00 AM,Y,NA,,,PriceXXXBRN01 0000000005,BRN01                   ,ItemXXXXBRN01 0000000005,10/27/2014 12:00:00 AM,4/4/2020 12:00:00 AM,CurrXXXXHLVDHN0000000001,2100,2500,0,0,0,0,UserXXXXBRN01X0000000001,10/27/2014 12:00:00 AM,UserXXXXBRN01X0000000001,10/27/2014 12:00:00 AM,CatgXXXXBRN01 0000000002,BRN01 ,SHRT,Shirt,UserXXXXBRN01X0000000001,10/27/2014 12:00:00 AM,UserXXXXBRN01X0000000001,Oct 27 2014 12:00AM     , ,
ItemXXXXBRN01 0000000002,BRN01                   ,pant00002,CatgXXXXBRN01 0000000001,ITypXXXXBRN01 0000000001, ,Half,UOMXXXXXBRN01X0000000001,0,0,0,UserXXXXBRN01X0000000001,10/17/2014 12:00:00 AM,UserXXXXBRN01X0000000001,10/17/2014 11:49:07 AM,Y,,1,UOMXXXXXBRN01X0000000001,Pcs,Piece,BRN01 ,UserXXXXHLVDHN0000000001,12/21/2008 4:20:30 PM,UserXXXXHLVDHN0000000001,12/21/2008 12:00:00 AM,Y,NA,,,PriceXXXBRN01 0000000002,BRN01                   ,ItemXXXXBRN01 0000000002,10/17/2014 11:49:17 AM,11/17/2014 11:49:17 AM,CurrXXXXHLVDHN0000000001,400,600,0,0,0,0,UserXXXXBRN01X0000000001,10/17/2014 12:00:00 AM,UserXXXXBRN01X0000000001,10/17/2014 12:00:00 AM,CatgXXXXBRN01 0000000001,BRN01 ,pant,pant,UserXXXXBRN01X0000000001,10/11/2014 12:00:00 AM,UserXXXXBRN01X0000000001,Oct 11 2014 12:00AM     , ,
ItemXXXXBRN01 0000000004,BRN01                   ,PNJB00001,CatgXXXXBRN01 0000000004,ITypXXXXBRN01 0000000001, ,Long Panjabi,UOMXXXXXBRN01X0000000001,0,0,0,UserXXXXBRN01X0000000001,10/27/2014 12:00:00 AM,UserXXXXBRN01X0000000001,10/27/2014 12:33:51 AM,Y,,1,UOMXXXXXBRN01X0000000001,Pcs,Piece,BRN01 ,UserXXXXHLVDHN0000000001,12/21/2008 4:20:30 PM,UserXXXXHLVDHN0000000001,12/21/2008 12:00:00 AM,Y,NA,,,PriceXXXBRN01 0000000004,BRN01                   ,ItemXXXXBRN01 0000000004,10/27/2014 12:00:00 AM,4/6/2019 12:00:00 AM,CurrXXXXHLVDHN0000000001,3000,4000,0,0,0,0,UserXXXXBRN01X0000000001,10/27/2014 12:00:00 AM,UserXXXXBRN01X0000000001,10/27/2014 12:00:00 AM,CatgXXXXBRN01 0000000004,BRN01 ,PNJB,Panjabi,UserXXXXBRN01X0000000001,10/27/2014 12:00:00 AM,UserXXXXBRN01X0000000001,Oct 27 2014 12:00AM     , ,
ItemXXXXBRN01 0000000007,BRN01                   ,pant00004,CatgXXXXBRN01 0000000001,ITypXXXXBRN01 0000000001, ,Long pant-M,UOMXXXXXBRN01X0000000001,0,0,0,UserXXXXBRN01X0000000001,10/29/2014 12:00:00 AM,UserXXXXBRN01X0000000001,10/29/2014 10:10:38 PM,Y,,1,UOMXXXXXBRN01X0000000001,Pcs,Piece,BRN01 ,UserXXXXHLVDHN0000000001,12/21/2008 4:20:30 PM,UserXXXXHLVDHN0000000001,12/21/2008 12:00:00 AM,Y,NA,,,PriceXXXBRN01 0000000007,BRN01                   ,ItemXXXXBRN01 0000000007,10/29/2014 12:00:00 AM,11/29/2014 12:00:00 AM,CurrXXXXHLVDHN0000000001,100,200,15,0,0,0,UserXXXXBRN01X0000000001,10/29/2014 12:00:00 AM,UserXXXXBRN01X0000000001,10/29/2014 12:00:00 AM,CatgXXXXBRN01 0000000001,BRN01 ,pant,pant,UserXXXXBRN01X0000000001,10/11/2014 12:00:00 AM,UserXXXXBRN01X0000000001,Oct 11 2014 12:00AM     , ,
ItemXXXXBRN01 0000000006,BRN01                   ,pant00003,CatgXXXXBRN01 0000000001,ITypXXXXBRN01 0000000001, ,long Pant-XL,UOMXXXXXBRN01X0000000001,0,0,0,UserXXXXBRN01X0000000001,10/29/2014 12:00:00 AM,UserXXXXBRN01X0000000001,10/29/2014 10:10:11 PM,Y,,1,UOMXXXXXBRN01X0000000001,Pcs,Piece,BRN01 ,UserXXXXHLVDHN0000000001,12/21/2008 4:20:30 PM,UserXXXXHLVDHN0000000001,12/21/2008 12:00:00 AM,Y,NA,,,PriceXXXBRN01 0000000006,BRN01                   ,ItemXXXXBRN01 0000000006,10/29/2014 10:10:53 PM,11/29/2014 10:10:53 PM,CurrXXXXHLVDHN0000000001,100,200,0,0,0,0,UserXXXXBRN01X0000000001,10/29/2014 12:00:00 AM,UserXXXXBRN01X0000000001,10/29/2014 12:00:00 AM,CatgXXXXBRN01 0000000001,BRN01 ,pant,pant,UserXXXXBRN01X0000000001,10/11/2014 12:00:00 AM,UserXXXXBRN01X0000000001,Oct 11 2014 12:00AM     , ,
ItemXXXXBRN01 0000000003,BRN01                   ,BAGE00001,CatgXXXXBRN01 0000000003,ITypXXXXBRN01 0000000001, ,Small bag,UOMXXXXXBRN01X0000000001,0,0,0,UserXXXXBRN01X0000000001,10/27/2014 12:00:00 AM,UserXXXXBRN01X0000000001,10/27/2014 12:33:31 AM,Y,,1,UOMXXXXXBRN01X0000000001,Pcs,Piece,BRN01 ,UserXXXXHLVDHN0000000001,12/21/2008 4:20:30 PM,UserXXXXHLVDHN0000000001,12/21/2008 12:00:00 AM,Y,NA,,,PriceXXXBRN01 0000000003,BRN01                   ,ItemXXXXBRN01 0000000003,10/27/2014 12:34:18 AM,2/27/2020 12:34:18 AM,CurrXXXXHLVDHN0000000001,500,600,0,0,0,0,UserXXXXBRN01X0000000001,10/27/2014 12:00:00 AM,UserXXXXBRN01X0000000001,10/27/2014 12:00:00 AM,CatgXXXXBRN01 0000000003,BRN01 ,BAGE,Bag,UserXXXXBRN01X0000000001,10/27/2014 12:00:00 AM,UserXXXXBRN01X0000000001,Oct 27 2014 12:00AM     , ,
